,customer_id,customer_state,geolocation_lat,geolocation_lng,qty_of_products_bed_bath_table,bed_bath_table_payment_value,bed_bath_table_review_score,qty_of_products_health_beauty,health_beauty_payment_value,health_beauty_review_score,qty_of_products_sports_leisure,sports_leisure_payment_value,sports_leisure_review_score,regiao
17541,aea3457b4cc68956a36f2024f6495fc3,SP,-23.59112428336896,-46.6850472850424,0,0.0,0.0,3,298.35,5.0,0,0.0,0.0,SUDESTE
16433,a43b9483961041642fa607e74f87b912,CE,-3.7753460262089256,-38.60463216990457,3,384.27,5.0,0,0.0,0.0,0,0.0,0.0,NORDESTE
6639,40eb5f82c09d34902b3f2425898b93cf,MT,-15.54075759831684,-56.09473096883736,3,702.18,2.0,0,0.0,0.0,0,0.0,0.0,CENTRO-OESTE
12743,7ee1519a04932fc747403d9f9a88128c,RS,-29.069270982776928,-53.84808943806713,0,0.0,0.0,3,158.91,1.0,0,0.0,0.0,SUL
17400,ad5c926ff77843378ead512cdef2bf85,SP,-24.007689498980497,-48.341912996941495,3,261.28,5.0,0,0.0,0.0,0,0.0,0.0,SUDESTE
1516,0f35754e1b342fa944b0028c2dddab5d,AP,0.0857525000000691,-51.04185073199994,3,372.99,5.0,0,0.0,0.0,0,0.0,0.0,NORTE
25531,febf66a130bc1bc3d35546f466261511,SP,-23.02343868708338,-46.99874265109523,4,156.93,5.0,0,0.0,0.0,0,0.0,0.0,SUDESTE
15688,9ced49d0bd7708f54703e002aeb7a77b,MG,-21.085488711420645,-44.20383136985799,4,220.4,5.0,0,0.0,0.0,0,0.0,0.0,SUDESTE
6192,3c4080981138bdcb28c729effeb9b682,MG,-19.852636060785105,-44.03283357363643,3,325.7,1.0,0,0.0,0.0,0,0.0,0.0,SUDESTE
3911,26188f96d7835fa7760ad5fc85f1fb5e,SP,-23.48267449757517,-47.41473386003022,0,0.0,0.0,3,272.97,1.0,0,0.0,0.0,SUDESTE
4344,2a4c34907e5d9cac0fe074bfb086bc4d,SP,-23.658037577812063,-46.617185633996975,0,0.0,0.0,0,0.0,0.0,3,121.92,5.0,SUDESTE
25525,feb79df2e42094b3e696c11cfa7ae70e,PE,-8.098209244314878,-34.998870879952335,0,0.0,0.0,4,146.48,5.0,0,0.0,0.0,NORDESTE
3378,2110656d0356c5d1d3c7f1c7bce0e319,BA,-12.833222275473348,-38.45951817156188,3,593.13,1.0,0,0.0,0.0,0,0.0,0.0,NORDESTE
10496,690f0d89fd8b50197bc81fb97fd89241,PA,-1.4516479569240484,-48.48851685613542,0,0.0,0.0,0,0.0,0.0,3,428.19,4.0,NORTE
14032,8c49836680a00b97d63059dc43458e50,SP,-23.47465500843405,-47.46409124165225,0,0.0,0.0,4,17.3325,5.0,0,0.0,0.0,SUDESTE
11304,70cb12077370218b7b21f70e78d3dfd4,SP,-23.67083247377228,-46.61020139884006,0,0.0,0.0,6,16.963333333333335,1.0,6,16.963333333333335,1.0,SUDESTE
23920,ee0eeeb62c7639298a849f360e1e6d35,MG,-20.609518499999997,-46.04075099999999,0,0.0,0.0,0,0.0,0.0,6,210.78,1.0,SUDESTE
17782,b0f06b1979dedd3f28f8f0d5e4ad08fb,SP,-23.479718951151256,-46.632511331380975,0,0.0,0.0,5,1702.35,5.0,0,0.0,0.0,SUDESTE
13673,8879c7d78891f3ea3634bf6369c02587,BA,-12.943059706295074,-38.37283645593686,0,0.0,0.0,3,227.61,4.0,0,0.0,0.0,NORDESTE
14974,95eff4eb0872c25f43bd6a915531e976,DF,-15.786899336325154,-47.90832916725414,3,260.19,5.0,0,0.0,0.0,0,0.0,0.0,CENTRO-OESTE
9995,6401d6c168371c1fc964bd3c3077b6cd,SP,-23.58436291640035,-46.40908904403003,5,276.2,3.0,0,0.0,0.0,0,0.0,0.0,SUDESTE
23530,ea0d5d3cb952f08d3734e1ab8814e4c7,SP,-22.3904025,-47.56517550000001,0,0.0,0.0,0,0.0,0.0,4,55.73,4.0,SUDESTE
18514,b806115ed21f16a50c4f3a28947aeadb,SP,-23.64742127378284,-46.80368634619866,0,0.0,0.0,0,0.0,0.0,4,544.18,1.0,SUDESTE
17064,aa0e4697be6ef9ac1fe98b04ba32acca,SP,-22.844620361648072,-47.07087995697964,4,25.785,4.0,0,0.0,0.0,0,0.0,0.0,SUDESTE
24527,f48c503766cc6385fe6947e623c20b65,RS,-30.14436457394796,-51.12637161148598,0,0.0,0.0,5,107.75,1.0,0,0.0,0.0,SUL
20175,c8afbdb8bcb6ff18e1396158952379a7,SP,-23.483919533716573,-46.75244770688791,0,0.0,0.0,3,80.13,1.0,0,0.0,0.0,SUDESTE
13504,86b212924fe60bc925c0a8f0b0b14d87,MG,-19.86187570136759,-43.90933256979635,3,266.25,1.0,0,0.0,0.0,0,0.0,0.0,SUDESTE
12349,7b3eb812221b3f3b1f3995cb15ee73c2,SP,-23.57156261004674,-46.88284459172488,3,89.45,5.0,0,0.0,0.0,0,0.0,0.0,SUDESTE
14625,927cd6e9fc974a3b4e48db435890ed8c,SP,-23.555707304132994,-46.59744965227918,3,203.89,4.0,0,0.0,0.0,0,0.0,0.0,SUDESTE
2429,17f9863585a471e9ffe77c4d4f26ecea,SP,-24.246136629963463,-46.90858860225703,0,0.0,0.0,0,0.0,0.0,3,708.2800000000001,1.0,SUDESTE
11748,753bd08248a5fa2c21da47c01cfd83a3,SP,-23.94829054010617,-46.325420587137245,4,257.34,5.0,0,0.0,0.0,0,0.0,0.0,SUDESTE
10869,6cd71f974e1d81ec38b53156b34621ad,SP,-22.83762552899768,-47.051581416180966,5,333.65,5.0,0,0.0,0.0,0,0.0,0.0,SUDESTE
18793,bab47e7a1b74c94a99ea042acfa7ea66,RJ,-22.91595488400931,-43.23375337604613,0,0.0,0.0,6,286.02,5.0,0,0.0,0.0,SUDESTE
9160,5b43ef89a22571e7993b5179c5ab40a9,PR,-25.7736517046958,-53.311692079431246,4,603.56,4.0,0,0.0,0.0,0,0.0,0.0,SUL
4839,2efa0620f7979c153d5d492696d4172f,MG,-19.762339999999934,-44.09678999999994,0,0.0,0.0,0,0.0,0.0,4,777.24,3.0,SUDESTE
16187,a185ce376d3eb3ab5e85d248779cdd7c,MG,-19.47473360834866,-46.53871346745146,0,0.0,0.0,0,0.0,0.0,3,221.52,5.0,SUDESTE
22640,e0ed7435a85ba0ec18890961c9ed4d9e,SP,-23.64742127378284,-46.80368634619866,3,336.27,4.0,0,0.0,0.0,0,0.0,0.0,SUDESTE
9351,5d6ba9a28eb4cd87b8c65cc995850296,SP,-23.47244666833055,-46.67842042437529,3,764.07,1.0,0,0.0,0.0,0,0.0,0.0,SUDESTE
9278,5c9d09439a7815d2c59d2242d90b296c,CE,-3.7074335234577536,-38.56263728504239,0,0.0,0.0,10,878.05,4.0,0,0.0,0.0,NORDESTE
12266,7a7c03568e29f4605e807a6d5344e72f,RJ,-22.72196137743422,-43.46741807723562,0,0.0,0.0,0,0.0,0.0,3,413.97,1.0,SUDESTE
16946,a91e3fc06b055c6f4073f969937d9442,GO,-15.326978917591264,-49.13837100000001,3,166.28,2.0,0,0.0,0.0,0,0.0,0.0,CENTRO-OESTE
24462,f3e73ca7cd85db9bb9be47fc88d38bc8,RJ,-21.625645496895352,-41.98519583710767,4,85.60000000000001,5.0,0,0.0,0.0,0,0.0,0.0,SUDESTE
5822,38bb507d2633cb3070255ddf8b2daa5d,SP,-23.58551640299499,-46.62160788842403,0,0.0,0.0,0,0.0,0.0,4,128.96,4.0,SUDESTE
13729,892531dd80efb5118f754ca4edaa3a74,RS,-30.04665764460238,-51.083072713772864,0,0.0,0.0,0,0.0,0.0,5,195.5,1.0,SUL
10809,6c33226d12ff402d2818d9d6c7042496,SP,-23.023036720923415,-45.55441357105323,3,37.39666666666667,2.0,0,0.0,0.0,0,0.0,0.0,SUDESTE
3651,23924b2105c5376cd6204757c8b68752,SP,-23.435258980742415,-46.71627464681169,20,15.424000000000001,2.0,0,0.0,0.0,0,0.0,0.0,SUDESTE
9894,62dee8b517273bba680eb604ffbb7726,SP,-23.490147745928823,-46.69439651441664,3,316.4,4.0,0,0.0,0.0,0,0.0,0.0,SUDESTE
12603,7d9e8aae68d6fc3e862582fd6fe3082e,BA,-12.981886146072547,-38.44119557528705,0,0.0,0.0,0,0.0,0.0,4,888.84,2.0,NORDESTE
17543,aea419ca36368e77678b20a1867481c7,SP,-23.929454424470407,-46.36599249880888,0,0.0,0.0,0,0.0,0.0,4,50.96,2.0,SUDESTE
24986,f916f7f522319c33cbaed6092d12f085,RJ,-22.97506237373844,-43.22607244129585,0,0.0,0.0,0,0.0,0.0,3,222.21,1.0,SUDESTE
9136,5af688e5163184c0d53d53ad44bbf285,SP,-22.65853034702396,-44.85446109376112,3,320.04,5.0,0,0.0,0.0,0,0.0,0.0,SUDESTE
8814,577c0e677251c5891fe5ea9764503e63,SP,-23.64243634773432,-46.74133343538361,0,0.0,0.0,0,0.0,0.0,3,217.62,1.0,SUDESTE
17069,aa179ef3bea6245ec335cd5f2c65044c,RS,-30.040503956979634,-51.17189353817293,6,127.83,1.0,0,0.0,0.0,0,0.0,0.0,SUL
20669,cd865de179ad020a8cdaf0d6ec45c08f,PR,-25.362814212591665,-49.28182195322872,3,502.8,5.0,0,0.0,0.0,0,0.0,0.0,SUL
17386,ad364862328f1b3bf6c9cedbd9f4ab80,GO,-15.526336648295771,-47.31217787351488,3,686.1,5.0,0,0.0,0.0,0,0.0,0.0,CENTRO-OESTE
7561,4aa0005ef4b8cb5ce874a4a86b36ed05,SP,-23.673717,-46.73431152943036,6,44.625,1.0,0,0.0,0.0,0,0.0,0.0,SUDESTE
7428,49173fd28a263996bc1d69b301aad528,GO,-16.728595166988924,-49.26171469366306,5,42.414,2.0,0,0.0,0.0,0,0.0,0.0,CENTRO-OESTE
5997,3a6be57061ebc68cc00b74186fe7ce5c,GO,-14.1293295,-47.50795575,7,307.23,3.0,0,0.0,0.0,0,0.0,0.0,CENTRO-OESTE
12878,8029c993d1227eb7f924230c8676ee07,SP,-23.426433943701284,-46.51029248263113,0,0.0,0.0,0,0.0,0.0,3,161.99,2.0,SUDESTE
10744,6b9cd57e8da503b79dc6e58b438e77de,MS,-20.539341,-54.61499925,0,0.0,0.0,0,0.0,0.0,3,272.64,1.0,CENTRO-OESTE
2947,1d0c4d56d5c41a141201ea8df99e59bc,RS,-29.26827187358801,-51.98731669064959,4,73.25,4.0,0,0.0,0.0,0,0.0,0.0,SUL
25427,fdceacbf1e29b39745ee431d0a864d0f,SP,-23.974434905430066,-46.30608714388927,4,479.86,1.0,0,0.0,0.0,0,0.0,0.0,SUDESTE
18813,bafd5bb3556a332b43ddf07f6a97750b,PR,-23.41231457905565,-51.94390193250103,0,0.0,0.0,0,0.0,0.0,3,160.74,3.0,SUL
16041,a02334ababbac97e012344f330e4fbb0,RJ,-22.849313374141552,-43.36230159977496,0,0.0,0.0,0,0.0,0.0,5,389.45,4.0,SUDESTE
1786,11a8105af3ed32d4a92f696b33c7ca7a,RS,-29.68011344853157,-51.13074328374511,0,0.0,0.0,0,0.0,0.0,3,24.689999999999998,5.0,SUL
19125,be25fc519149fff767b78b8c37742fe2,SC,-28.680059509678863,-49.35441785784126,3,514.32,5.0,0,0.0,0.0,0,0.0,0.0,SUL
23525,ea0199c623273bc071e2866191392e65,MG,-21.726523268210546,-46.38310743699704,3,302.9,5.0,0,0.0,0.0,0,0.0,0.0,SUDESTE
7915,4e3b341939a50bd5d99a86546e81526c,SP,-23.62357973965611,-46.6384536777656,0,0.0,0.0,3,110.61,5.0,0,0.0,0.0,SUDESTE
16554,a5668d53c44bc380c43eb532779e0bf4,SP,-20.532984442771863,-47.366053101687,3,33.00666666666667,1.0,0,0.0,0.0,0,0.0,0.0,SUDESTE
15242,9873288cef2784aa00e073b788253946,SP,-22.32618127957609,-49.117432975768295,0,0.0,0.0,0,0.0,0.0,3,99.69,5.0,SUDESTE
22865,e348da1d14e23c916f2515e3921e4501,SP,-23.634367311154545,-46.72590821273588,0,0.0,0.0,4,27.68,5.0,0,0.0,0.0,SUDESTE
24703,f648883563c14819f5e6419f89c6be9e,SP,-23.45712728242064,-46.71231182243935,0,0.0,0.0,3,387.99,2.0,0,0.0,0.0,SUDESTE
20761,ce667e4b89cd1137f40a8d799354b674,SP,-23.53799740882338,-46.65035296641469,5,368.04,4.0,0,0.0,0.0,0,0.0,0.0,SUDESTE
20292,c9ed1372491fe078c373a4d099778146,SP,-23.16901743123553,-46.90294872991051,4,277.64,2.0,0,0.0,0.0,0,0.0,0.0,SUDESTE
10897,6d1c28c90a63f277029f47c7db8eddd3,GO,-16.70184840493807,-49.28971589008711,0,0.0,0.0,3,175.74,3.0,0,0.0,0.0,CENTRO-OESTE
24657,f5e160702969b16b3e1195b81bcf4899,MG,-20.011501001053038,-48.93865350114877,0,0.0,0.0,0,0.0,0.0,3,512.19,5.0,SUDESTE
9265,5c6dceb0afab23a9d5db737499265462,SP,-23.360978676164056,-44.78648111761174,3,179.57000000000002,5.0,0,0.0,0.0,0,0.0,0.0,SUDESTE
8605,55840ff4caf1d80ac296d0b1ac968b53,SP,-22.746072394396656,-47.35590040161,5,216.45,4.0,0,0.0,0.0,0,0.0,0.0,SUDESTE
4924,2fcf5298199fdff944d4036d8a7b9ee5,RS,-29.68553935150118,-53.80949152640844,3,29.0,1.0,0,0.0,0.0,0,0.0,0.0,SUL
1524,0f4ac644739f6e49175bb1baf0277b8c,SP,-23.679725448785323,-46.685578719545234,0,0.0,0.0,3,112.17,5.0,0,0.0,0.0,SUDESTE
12235,7a3bd3b37285f0ab25983420cbd01f4e,MS,-19.002771000000003,-52.11841274999999,0,0.0,0.0,0,0.0,0.0,8,236.56,5.0,CENTRO-OESTE
5037,310e750a3574d84c0221e3e9e1a3b304,SP,-22.265481912982644,-48.13802730115523,4,33.465,5.0,0,0.0,0.0,0,0.0,0.0,SUDESTE
24087,efc42251198a2ec27b3d2235e199a289,PR,-25.47991017401471,-49.2823207821282,3,355.98,5.0,0,0.0,0.0,0,0.0,0.0,SUL
21637,d722da5879a40dcc6a68bdeb5de48f99,SP,-23.50578674464776,-46.78863083960396,0,0.0,0.0,3,35.21666666666667,5.0,0,0.0,0.0,SUDESTE
1163,0b8eb01b2a378b535126bdf817eb1761,SP,-22.78649609312411,-47.281444501319925,5,263.9,1.0,0,0.0,0.0,0,0.0,0.0,SUDESTE
20959,d03e957168b70cdef000379fa0aab72b,RJ,-21.21563180561561,-41.88980722590923,3,146.3,1.0,0,0.0,0.0,0,0.0,0.0,SUDESTE
5045,312a3a9546b2ee455c66ff62528eefd4,MG,-18.73380894126622,-44.439294933640085,0,0.0,0.0,0,0.0,0.0,3,195.0,1.0,SUDESTE
6205,3c6764e3907fcdeaff4dc57c74c05a24,SP,-23.94286827451081,-46.34118509700499,0,0.0,0.0,0,0.0,0.0,4,116.43,5.0,SUDESTE
22611,e09feaba1b9e1b07fd0203fc3d1e23c9,SP,-23.55074650014423,-46.63950533152522,0,0.0,0.0,0,0.0,0.0,3,473.21,3.0,SUDESTE
23527,ea05ea055bde9cacc0963b2c5530d07d,PR,-25.567207694495423,-49.40709318134698,0,0.0,0.0,3,141.9,1.0,0,0.0,0.0,SUL
24235,f1442ab94c95e9913594b849c1e217fe,PA,-1.4035665756247249,-48.43173097544571,0,0.0,0.0,0,0.0,0.0,3,630.06,1.0,NORTE
7395,48ccf3a1988ef7c484efc8142bd0a8ea,SP,-24.085035014604838,-46.80109206456005,3,29.176666666666662,4.0,0,0.0,0.0,0,0.0,0.0,SUDESTE
5935,39e5fadcd944a8fdf11b3654e7413d0e,MG,-21.077174702108408,-44.2845755913492,0,0.0,0.0,3,21.69666666666667,5.0,0,0.0,0.0,SUDESTE
13746,8953425603394e4a0095750e15614db4,RN,-5.752436395233371,-35.252789799469106,0,0.0,0.0,4,13.735,5.0,0,0.0,0.0,NORDESTE
11352,713b64f2b0813a55f85ad855aa1b6bad,SP,-20.52726738643052,-49.3159578937863,0,0.0,0.0,4,71.625,5.0,0,0.0,0.0,SUDESTE
22088,dbad6b1f3fd8e97e5e04a703aa369eab,ES,-20.76147801746164,-41.67053284091688,3,365.25,5.0,0,0.0,0.0,0,0.0,0.0,SUDESTE
18425,b741c151088f770a5189db10c519e937,MA,-5.169768579755954,-47.78546129086244,0,0.0,0.0,4,528.8,3.0,0,0.0,0.0,NORDESTE
16075,a06e9a7060cee74dbde1a2d5d7117747,SP,-23.2730557459076,-46.690131246090274,0,0.0,0.0,0,0.0,0.0,3,84.64,2.0,SUDESTE
15741,9d5624c559f9227e5c189106774bb567,SP,-23.644732375426532,-46.720101925981375,3,49.76666666666667,5.0,3,49.76666666666667,5.0,0,0.0,0.0,SUDESTE
13007,819f6a9b1a8255e13c1ce6085eb24f1f,SP,-21.722393999999944,-50.86290049999997,0,0.0,0.0,3,107.21999999999998,5.0,0,0.0,0.0,SUDESTE
19078,bda3c56dbd200fd227650ef3d73978fd,RJ,-22.88101274208049,-43.59495078504661,4,45.275,4.0,0,0.0,0.0,0,0.0,0.0,SUDESTE
23724,ebfeafbe3a7a9bd5247da19ab28eae2f,GO,-16.678955224028986,-49.25024411328667,5,18.024,2.0,0,0.0,0.0,0,0.0,0.0,CENTRO-OESTE
9563,5f7a57e2b8a60c5504cf3d41c267b0f1,SP,-23.621741528449416,-46.61902352164008,0,0.0,0.0,6,68.35333333333334,5.0,0,0.0,0.0,SUDESTE
15657,9ca8d3e162050ac6598654057255a86c,SP,-23.530530666945577,-46.457808102833376,0,0.0,0.0,6,18.185,5.0,0,0.0,0.0,SUDESTE
1181,0bba96d74b097f702d796d016ea4891b,MG,-19.22593414803569,-47.461277694048185,0,0.0,0.0,0,0.0,0.0,3,158.14,5.0,SUDESTE
16533,a521ad0645d4cbab3e4e06fdaf965ead,SP,-22.74490487273081,-46.56602220730521,0,0.0,0.0,0,0.0,0.0,4,73.12,3.0,SUDESTE
10128,655ce1567249ffb30f857843a966a3d6,SP,-23.49384350181977,-46.80211566491121,0,0.0,0.0,0,0.0,0.0,3,236.79,5.0,SUDESTE
25361,fd2ae8c714a773f85ef1b53fbebeda1f,RJ,-22.97626266750325,-43.19842138374965,8,305.04,5.0,0,0.0,0.0,0,0.0,0.0,SUDESTE
7258,477dbe012cf30f41f78e400b11aa5013,RJ,-22.925634223151903,-43.35815518844143,0,0.0,0.0,0,0.0,0.0,3,29.876666666666665,4.0,SUDESTE
13398,85b65af675e83a04f5d0c511dcdf8f62,SP,-23.55647908089357,-46.581160267129206,3,34.29,2.0,0,0.0,0.0,0,0.0,0.0,SUDESTE
20698,cdca899d14be512725f07274e28cb584,SP,-23.70804714187168,-46.84977905854009,3,95.24,2.0,0,0.0,0.0,0,0.0,0.0,SUDESTE
25589,ff58662c328f81d3ee549c9caa942f39,BA,-16.351391203403235,-39.015857955403376,6,765.84,1.0,0,0.0,0.0,0,0.0,0.0,NORDESTE
22876,e36413715a98d626cb2c8da6d70200e4,MG,-19.527267205891217,-42.63468593331321,3,118.26,5.0,0,0.0,0.0,0,0.0,0.0,SUDESTE
8295,521ecef28ca5c3c9f3f816c2712fb016,RJ,-22.764028959242783,-43.362418235652754,10,13.799000000000001,5.0,0,0.0,0.0,0,0.0,0.0,SUDESTE
4125,284328d2432c45733c636d66d183dfd4,RJ,-21.755153999999948,-41.34274999999997,3,400.44,4.0,0,0.0,0.0,0,0.0,0.0,SUDESTE
15959,9f676b4421baed4cc735a7367a44957d,SP,-22.887680321686123,-47.04953676089216,0,0.0,0.0,0,0.0,0.0,4,40.135000000000005,5.0,SUDESTE
11050,6e76e9daea3deba36f2b41d8eefe934a,DF,-16.01061463068542,-48.0069796033776,3,21.810000000000002,1.0,0,0.0,0.0,0,0.0,0.0,CENTRO-OESTE
23565,ea5a9cfca9c32849e101542a93f28fec,RS,-30.03405291618097,-51.20489826865378,3,350.56,1.0,0,0.0,0.0,0,0.0,0.0,SUL
23850,ed49fe4d74601cca98f28b3b5f3f8968,MG,-18.91073434915459,-48.24834632139766,4,194.44,2.0,0,0.0,0.0,0,0.0,0.0,SUDESTE
18564,b87e0079d0d0c17a5ce63aadb9eae6d9,SP,-22.563941217871797,-47.42228717277396,6,449.99,1.0,0,0.0,0.0,0,0.0,0.0,SUDESTE
4250,2974a6e2368bd4d649bad949c033ea0c,RS,-29.746728027053443,-57.07848818610076,3,382.92,4.0,0,0.0,0.0,0,0.0,0.0,SUL
24806,f74348cae67c2823481c835244740cc1,ES,-20.32691941707496,-40.271962121009686,5,25.584,3.0,0,0.0,0.0,0,0.0,0.0,SUDESTE
18339,b68b9ed711961eefc13abb843a2562ce,BA,-16.959062999999947,-39.75726049999997,0,0.0,0.0,5,18.630000000000003,5.0,0,0.0,0.0,NORDESTE
15581,9bf220b8bd3b9fe60ef57c537a1476a3,MG,-19.954851056062104,-43.96768977407814,4,224.4,3.0,0,0.0,0.0,0,0.0,0.0,SUDESTE
4019,2721900eb4e0f1cc2c836dd7bc1b1e11,MG,-21.0853485,-42.96964500000001,8,82.515,2.0,0,0.0,0.0,0,0.0,0.0,SUDESTE
7638,4b8787047fbd5f4b75688747a4bec9dc,RS,-29.623653,-51.1660485,0,0.0,0.0,0,0.0,0.0,3,156.6,2.0,SUL
23987,eecafc3ff695f031bfe354a9fff9d437,SP,-23.56253963239443,-46.622343972359054,4,462.7,1.0,0,0.0,0.0,0,0.0,0.0,SUDESTE
21763,d875cdbfacf9d0e5aecaf6d2a9d77f9d,BA,-16.34674145240771,-39.58016727295632,0,0.0,0.0,4,26.755000000000003,5.0,0,0.0,0.0,NORDESTE
13718,890d7395a44463957839140e1ed3c1c5,RN,-5.7830687590302885,-35.200522425454544,0,0.0,0.0,0,0.0,0.0,3,201.15,5.0,NORDESTE
10687,6b0135fff11f14781d72fc93315eec54,MG,-20.253476999999947,-45.52369099999996,0,0.0,0.0,3,349.08,5.0,0,0.0,0.0,SUDESTE
21439,d5179a97980d69d1b4bb8f77a21e4785,SP,-23.6096595,-46.54540800000001,3,310.65,3.0,0,0.0,0.0,0,0.0,0.0,SUDESTE
13595,87bc0b31db47421f9c67a12145740887,RS,-29.402973,-54.82474646618471,0,0.0,0.0,5,230.65,4.0,0,0.0,0.0,SUL
23253,e7171b8785136cf7834d62f0227bcf23,SP,-23.488074618096828,-46.738052916180976,3,213.35,1.0,0,0.0,0.0,0,0.0,0.0,SUDESTE
16336,a31f9bc462063fa6918a81775c76ce7e,SP,-22.7151430635401,-47.63227347739127,3,627.24,1.0,0,0.0,0.0,0,0.0,0.0,SUDESTE
2803,1b866cf3a2f6c85e99d9b07c73951689,DF,-15.625981699343898,-47.85743049225665,0,0.0,0.0,0,0.0,0.0,3,439.05,5.0,CENTRO-OESTE
11186,6fa63b4b3cdf930c98e8371069c66ca8,SP,-22.84002014829306,-47.03470171754884,3,18.316666666666666,5.0,0,0.0,0.0,0,0.0,0.0,SUDESTE
10430,68645ed3218b1188294bfdc32e6e62a2,SC,-28.220764348310524,-49.16781412514563,4,119.84,1.0,0,0.0,0.0,0,0.0,0.0,SUL
15171,97b5f2f6aafce8ce852721e5458caa49,SP,-23.563424399388317,-46.66328963336025,0,0.0,0.0,3,438.76,5.0,0,0.0,0.0,SUDESTE
8994,599db69c933e5f5a111f44e413ecff87,SP,-23.53245039078998,-46.6727009454671,3,241.47,1.0,0,0.0,0.0,0,0.0,0.0,SUDESTE
14559,91dabf9347495618b632ea7397fd4eb9,SP,-22.00967147100232,-47.90019124854291,6,93.94,1.0,0,0.0,0.0,0,0.0,0.0,SUDESTE
18992,bc9c9f7f6fe29481bb9f4e64342fb7eb,SC,-26.917938,-53.00522325,4,103.12,1.0,0,0.0,0.0,0,0.0,0.0,SUL
105,00f394e6fc446865ac4097b6db69ef4a,RJ,-22.77201047989321,-43.41330890849943,0,0.0,0.0,5,289.9,1.0,0,0.0,0.0,SUDESTE
19306,bfe94f549c2eaf050dfcb6332b9ce759,RJ,-21.759630906572944,-41.3036361601614,3,231.69999999999996,1.0,0,0.0,0.0,0,0.0,0.0,SUDESTE
11486,72b319c928f3d04322db2e904d91a611,RJ,-22.8595365,-43.520976000000005,0,0.0,0.0,3,45.28,3.0,0,0.0,0.0,SUDESTE
10150,659e17d303758fa459f2b37ef353f5c4,RO,-8.747015935927028,-63.8801951632022,0,0.0,0.0,3,37.65,5.0,0,0.0,0.0,NORTE
22698,e17b2b66a87062574242f1b20ab8b2a1,RJ,-22.5293026696542,-44.19054371306689,0,0.0,0.0,0,0.0,0.0,4,31.225,4.0,SUDESTE
2986,1d6e9c33f7ee14a1f4e320fc43a2515a,SP,-21.128070666834198,-47.99292258348872,3,473.73,5.0,0,0.0,0.0,0,0.0,0.0,SUDESTE
11066,6ea2b66604e1b20a26837742dff50729,RS,-30.03405291618097,-51.20489826865378,0,0.0,0.0,3,399.93,1.0,0,0.0,0.0,SUL
6864,43467feeda727a70fbb9a44eaa75bbae,PA,-1.2761382620362005,-47.92392547952646,0,0.0,0.0,0,0.0,0.0,3,715.32,3.0,NORTE
2226,161b084b1da1063f12c806260be8b0fc,SP,-23.64742127378284,-46.80368634619866,3,28.19666666666667,1.0,0,0.0,0.0,0,0.0,0.0,SUDESTE
8304,523480f61a2b701291d0ead14ad3f7a2,MG,-19.871037261047203,-44.08218631280498,4,62.59,4.0,0,0.0,0.0,0,0.0,0.0,SUDESTE
14456,90af4933b09c472f006bde067530f672,PA,-6.445394069126722,-48.86707743028857,0,0.0,0.0,3,1122.86,5.0,0,0.0,0.0,NORTE
2554,19164000c4f2f70911bb28eb4b20325a,SP,-23.611801662502177,-46.636906709273454,4,18.169999999999998,5.0,0,0.0,0.0,0,0.0,0.0,SUDESTE
18471,b7a18cb59c24649c7ab96dc6f8443688,RJ,-22.92135744240868,-43.22489046823236,0,0.0,0.0,4,162.0,1.0,0,0.0,0.0,SUDESTE
25283,fc40066121281a5e32c5a0403292869b,RJ,-22.98116256895961,-43.212199049541226,0,0.0,0.0,3,16.39,5.0,0,0.0,0.0,SUDESTE
11602,73dec2f09bd7eb27d94454620a6933d2,SP,-23.61916936141828,-46.528916104130936,0,0.0,0.0,0,0.0,0.0,3,62.580000000000005,4.0,SUDESTE
3665,23bef79e6945472db186f6b9f6892608,SP,-21.3419549973566,-51.838241259828,0,0.0,0.0,0,0.0,0.0,4,21.4375,5.0,SUDESTE
8096,50202490acea34225b1af5cdd25f4326,SP,-23.095585361648062,-45.91011329156328,4,22.2,5.0,0,0.0,0.0,0,0.0,0.0,SUDESTE
13946,8b957e5233d9a21115cd1edb4c3eff0a,SP,-23.659702491257438,-46.597951989468406,0,0.0,0.0,0,0.0,0.0,5,286.45,5.0,SUDESTE
9896,62f47d0e6762623abef35d72603bbc5b,RJ,-22.485619718016014,-44.07478344601535,3,469.3500000000001,1.0,0,0.0,0.0,0,0.0,0.0,SUDESTE
4642,2d2572843074b4bc41daa7285f538439,MA,-5.495077353605973,-45.24923183572593,0,0.0,0.0,0,0.0,0.0,4,690.86,1.0,NORDESTE
12104,78d97021c6f17f11e1c84245d5def5ec,MT,-16.435242020543555,-54.62708112906109,0,0.0,0.0,0,0.0,0.0,3,317.0,1.0,CENTRO-OESTE
25489,fe74b59a789bbd55b090ac3f0524ca8e,RS,-32.028870579867814,-52.1102127736283,0,0.0,0.0,0,0.0,0.0,3,123.0,1.0,SUL
4791,2e9b45811263327e120fdd8f4797fad6,SP,-23.10727697842008,-46.595334906014266,3,31.69666666666667,5.0,0,0.0,0.0,0,0.0,0.0,SUDESTE
7654,4bba0610967c84ba4b4c40c7f0eb0373,SP,-23.47477340931741,-46.25474127848733,0,0.0,0.0,0,0.0,0.0,4,475.82,1.0,SUDESTE
4628,2cfe76e75e9de1fbc8182515c5453fd2,RJ,-22.28269643049432,-43.927232596584055,4,468.42,1.0,0,0.0,0.0,0,0.0,0.0,SUDESTE
9362,5d98089e5b495cf96ac62909325ecbf8,MG,-19.922501449844116,-44.17306289992979,3,169.5,3.0,0,0.0,0.0,0,0.0,0.0,SUDESTE
4290,29c5b9b7cdb1dc4e4a574c5685c83102,RS,-29.78564120172622,-55.7990447002301,3,143.63,4.0,0,0.0,0.0,0,0.0,0.0,SUL
3138,1ee3f2411ad5097d580f5d8bbf3cd63f,SP,-23.94771120644415,-46.291763713821936,4,23.48,5.0,0,0.0,0.0,0,0.0,0.0,SUDESTE
12954,8106875d8a76c94534a5cece49730acd,SP,-23.55267310851753,-46.74507716985977,4,40.13,5.0,0,0.0,0.0,0,0.0,0.0,SUDESTE
2917,1cbeb91a58bd89ee2df1bc32f3311209,PR,-25.50558541220332,-49.18988673051925,0,0.0,0.0,3,23.736666666666668,1.0,0,0.0,0.0,SUL
2033,1427b52378052888f13f4c29ee584981,DF,-15.756358499999994,-47.89068074999999,3,226.38,5.0,0,0.0,0.0,0,0.0,0.0,CENTRO-OESTE
19625,c336ffa7394e94710f4ebf37935825fb,SP,-20.473481743263,-47.41334681242108,3,163.69,2.0,0,0.0,0.0,0,0.0,0.0,SUDESTE
11592,73b25d06c4c8b89ac3c9ec3198e843d7,GO,-18.405269935876397,-49.20897873470268,3,249.46,4.0,0,0.0,0.0,0,0.0,0.0,CENTRO-OESTE
3016,1dbc055ccab23ed894267767e268e8a1,MG,-20.11242207510636,-44.86695434257688,5,1591.24,1.0,0,0.0,0.0,0,0.0,0.0,SUDESTE
14923,956cc3292d13bea359eaf6683f410bf6,SP,-21.64707675797796,-49.73631535720465,3,597.79,5.0,0,0.0,0.0,0,0.0,0.0,SUDESTE
20471,cb7a6f9242f8a283bcd9c6047ae5c8a4,SP,-23.097950999999995,-47.01503249999999,4,388.0,1.0,0,0.0,0.0,0,0.0,0.0,SUDESTE
23076,e54367d4b00c5cb76d2dfe71b9bdb89c,SP,-23.499610239800333,-46.59558338259567,0,0.0,0.0,4,72.07,3.0,0,0.0,0.0,SUDESTE
10702,6b396d9b6befa4b0deb7b570ab0df6cc,RJ,-22.852245866495505,-43.36827271827583,0,0.0,0.0,0,0.0,0.0,5,231.45,5.0,SUDESTE
6216,3c7c40c039e3547fdb7a3797272ab922,PI,-7.069899516431815,-41.44901064616962,0,0.0,0.0,3,1205.79,3.0,0,0.0,0.0,NORDESTE
3787,24e4f85e976456bab298f37f9722762e,BA,-13.005779334312766,-38.47689487794417,3,14.016666666666666,1.0,0,0.0,0.0,0,0.0,0.0,NORDESTE
19273,bfaa59943933939eb6bfb564519e794e,SP,-22.962519540544218,-46.56184281398158,4,278.52,5.0,0,0.0,0.0,0,0.0,0.0,SUDESTE
16237,a1ffabd3082ab532a3ae5ce001cd5139,CE,-6.323347868630196,-40.15583301433331,0,0.0,0.0,3,387.0,1.0,0,0.0,0.0,NORDESTE
6107,3ba38209ae8f27771c90ec6b410f2043,SC,-28.84893016447306,-49.45228712295371,0,0.0,0.0,0,0.0,0.0,4,245.6,1.0,SUL
7569,4ab8e8bc6bf0760c297e13dcab1e034e,PR,-23.54455802701753,-51.477650616434,0,0.0,0.0,6,698.1,1.0,0,0.0,0.0,SUL
18391,b6ff5a99f18bc4da7753ab8659c829df,SC,-26.833618361648067,-49.10674737829649,0,0.0,0.0,4,8.5225,1.0,0,0.0,0.0,SUL
7620,4b5024c158d2e12d3868baa977c6f181,SP,-23.50466617945335,-46.39050574082941,3,547.47,3.0,0,0.0,0.0,0,0.0,0.0,SUDESTE
410,03f2dda26a1b89b7cf91dcd8a41feb96,SC,-27.40122143833869,-51.77726542157995,0,0.0,0.0,0,0.0,0.0,3,156.61,5.0,SUL
23439,e91b63eb6608fd87091fa7c7760089c8,RJ,-22.89393086565825,-43.30386308798467,0,0.0,0.0,3,424.26,5.0,0,0.0,0.0,SUDESTE
16317,a2d44a06da0675bb88972fe303c554e4,RS,-28.28851826959882,-54.25262226877689,0,0.0,0.0,0,0.0,0.0,3,385.68,5.0,SUL
3343,20c93357daf05d1c3a092be59aea2c2b,SP,-23.459548500000004,-46.49332724999998,0,0.0,0.0,3,457.2,5.0,0,0.0,0.0,SUDESTE
21328,d3e82ccec3cb5f956a38d96c057ceaae,RJ,-22.898404234548867,-43.10396618137228,0,0.0,0.0,0,0.0,0.0,6,180.88333333333333,5.0,SUDESTE
19574,c2bd11720c11c5302296696aa34d4c9f,SP,-22.017655150169283,-47.905595127248986,5,26.18,4.0,0,0.0,0.0,0,0.0,0.0,SUDESTE
22053,db46a2dcf676874d4c99565946437b08,RS,-30.061935224080223,-51.05850173447288,0,0.0,0.0,0,0.0,0.0,4,140.0,1.0,SUL
4303,29e8e233706ea0290479e011ab628bbc,SP,-23.9921788140568,-46.41548219220275,4,344.2,2.0,0,0.0,0.0,0,0.0,0.0,SUDESTE
24746,f6af2b95b6be76fe88673d0a62a7db2f,SP,-21.18562547876395,-47.75919387523807,8,224.17,5.0,0,0.0,0.0,0,0.0,0.0,SUDESTE
12013,77d824a1031f69a3901ccb843e32d7fe,SP,-20.741380623428,-49.383927774084455,3,301.64,1.0,0,0.0,0.0,0,0.0,0.0,SUDESTE
8598,5575494798cac6f28d4da41aa44b44c8,MG,-20.70171557045808,-42.86679414415842,0,0.0,0.0,0,0.0,0.0,3,168.03,5.0,SUDESTE
18666,b97527f774f4348a051175eefe8e7047,SP,-22.826654114733348,-47.0677732784529,0,0.0,0.0,3,264.24,5.0,0,0.0,0.0,SUDESTE
13169,837bffa34c99bc9aed29abf1b5bdd886,SP,-23.542105166533258,-46.29211542542064,0,0.0,0.0,3,114.03000000000002,5.0,0,0.0,0.0,SUDESTE
3149,1eff81ab2dabace9a165ce9346ba7ffc,RJ,-22.90099976741302,-43.24456248793922,4,220.4,5.0,0,0.0,0.0,0,0.0,0.0,SUDESTE
21686,d7a06521d29c6b185548e68ea64108b5,GO,-17.696139041840144,-48.61145080313286,0,0.0,0.0,0,0.0,0.0,3,96.0,5.0,CENTRO-OESTE
25642,ffd294eea523f67ee8c743d3a904ee20,PI,-5.050607721775212,-42.78915629100425,4,1140.12,5.0,0,0.0,0.0,0,0.0,0.0,NORDESTE
9560,5f79f446984a2ba4f1cb86bf26f3ef64,BA,-12.833222275473348,-38.45951817156188,0,0.0,0.0,6,42.836666666666666,4.0,0,0.0,0.0,NORDESTE
18787,baa22cca29768548ef9cea07cf105737,SP,-21.18206010223677,-47.80187684211469,0,0.0,0.0,0,0.0,0.0,4,536.52,1.0,SUDESTE
2254,16669daad9b68a2b8a369638223a1888,SP,-22.692312891194,-47.66599957256631,4,37.65,5.0,0,0.0,0.0,0,0.0,0.0,SUDESTE
3059,1e223c28a57021767dda5694299786b6,MG,-19.92250334886613,-43.95679344087947,0,0.0,0.0,4,808.88,4.0,0,0.0,0.0,SUDESTE
19121,be1c4e52bb71e0c54b11a26b8e8d59f2,SP,-23.484438199586577,-46.46083549309606,11,853.95,1.0,0,0.0,0.0,0,0.0,0.0,SUDESTE
19722,c45206e382316020fc79fff63278a3c5,SC,-28.015222752641755,-48.62797812931508,0,0.0,0.0,0,0.0,0.0,3,208.99,1.0,SUL
2241,163a1a773e83bb4ec009b749a84e9666,BA,-15.648633106580572,-40.061102123063606,0,0.0,0.0,0,0.0,0.0,3,298.5,5.0,NORDESTE
20049,c78afbf707e4446398d86ac463c3fd4c,GO,-18.39149795562025,-49.206098109461415,0,0.0,0.0,3,222.15,5.0,0,0.0,0.0,CENTRO-OESTE
14428,9067115ae8194f77f3f22f8236ae8bef,SC,-28.015222752641755,-48.62797812931508,0,0.0,0.0,3,226.94999999999996,4.0,0,0.0,0.0,SUL
3635,236b6c73651af91335ddfd6d34f6422c,SP,-23.642163953372958,-46.60155396003806,3,100.62,4.0,0,0.0,0.0,0,0.0,0.0,SUDESTE
21463,d559dc84324405217e129c2448f7b1d5,PR,-26.389427015303013,-52.334751789601135,0,0.0,0.0,0,0.0,0.0,3,123.0,5.0,SUL
18751,ba5cdde41a363eb9644384100a76383c,RJ,-22.904088688941584,-43.1161285803933,4,81.36,5.0,0,0.0,0.0,0,0.0,0.0,SUDESTE
16217,a1c66b94797658e934a9fdc38ccd2106,MG,-19.573059890493617,-46.95019653202677,3,116.99,1.0,0,0.0,0.0,0,0.0,0.0,SUDESTE
24186,f0c0ed957add2cc4abeb60ade9ad6d19,RJ,-22.41344658722576,-44.54981599000407,4,303.53,5.0,0,0.0,0.0,0,0.0,0.0,SUDESTE
14117,8d20d8d70efcc6b8870dd6048eb5ce7c,PR,-25.332577070544684,-49.22407769985806,0,0.0,0.0,0,0.0,0.0,4,268.2,2.0,SUL
11426,71fdbaa760e25ef2449d79d1c4264021,RJ,-22.881109651133876,-43.1100867732414,3,58.28666666666667,2.0,0,0.0,0.0,0,0.0,0.0,SUDESTE
1005,0a1086a4021cc95c10d53035aa0e012c,SP,-23.523078576424982,-46.53014478608337,0,0.0,0.0,3,300.8,1.0,0,0.0,0.0,SUDESTE
3976,26ba9c75a2c176cefb3311caae8af3bb,SP,-23.16130715171076,-46.84589323720597,3,191.13,2.0,0,0.0,0.0,0,0.0,0.0,SUDESTE
12740,7ee04c773f064561c7f50cba4cda809d,SP,-22.531766217871784,-47.38648364807544,0,0.0,0.0,3,68.64,4.0,0,0.0,0.0,SUDESTE
11818,75e6c4cd1f1a7a1b4e1ffbc53a3942ee,RJ,-22.949469356028075,-43.1796286945637,0,0.0,0.0,5,180.45,4.0,0,0.0,0.0,SUDESTE
4824,2ed6fdee4db5f44a039a644dd2eab8d2,SP,-23.529078569034397,-46.3252942397958,3,52.373333333333335,5.0,0,0.0,0.0,0,0.0,0.0,SUDESTE
10818,6c4d762aaa6ab65c892e6cdd1de5947a,MG,-17.834489026584446,-42.07536802658444,3,373.97,3.0,0,0.0,0.0,0,0.0,0.0,SUDESTE
16556,a56944574643fc65a4c8753d9e0c37a7,MG,-19.573059890493617,-46.95019653202677,3,54.32333333333333,5.0,0,0.0,0.0,0,0.0,0.0,SUDESTE
17160,ab10abbdb62d2535d3a3e14cb201ff7e,SC,-26.71006607940087,-53.51400025521708,0,0.0,0.0,0,0.0,0.0,3,1086.08,1.0,SUL
13257,84303db2453b7c19bef47a0c3e16a71c,SP,-23.669731383288145,-46.58979967666909,0,0.0,0.0,3,320.15,5.0,0,0.0,0.0,SUDESTE
12435,7bfd349ddcab469ad888395434783f62,SP,-23.57745685567545,-46.842162061198,6,150.6,5.0,0,0.0,0.0,0,0.0,0.0,SUDESTE
22282,dd747ee25e233b5cd6285d65972b7b7b,SP,-23.479536446852077,-46.58380826533556,3,92.73666666666668,1.0,0,0.0,0.0,0,0.0,0.0,SUDESTE
11261,7074b20d7eb3f9f5772cd7cb57943fdf,SP,-23.6498206220612,-46.78990343805809,0,0.0,0.0,3,177.32000000000002,4.0,0,0.0,0.0,SUDESTE
16839,a828c4f615a8dd8518659d867b3012bd,SP,-21.302586,-49.04686349999999,5,727.58,5.0,0,0.0,0.0,0,0.0,0.0,SUDESTE
24061,ef79151153598571dff6765453790512,PE,-8.033287128772635,-34.903710015407675,0,0.0,0.0,0,0.0,0.0,4,584.84,1.0,NORDESTE
8751,570045158cad692d4451429defac5f56,ES,-20.333293731092684,-40.34986362495689,0,0.0,0.0,0,0.0,0.0,4,85.365,1.0,SUDESTE
22207,dcbedfb087496e64857829044630a2b2,RS,-28.93278625087536,-54.82724510119068,0,0.0,0.0,5,370.8,5.0,0,0.0,0.0,SUL
18090,b44a5b9979f7323c0db890a4f33020c3,SP,-23.63919685029652,-46.71939702367194,4,723.08,1.0,0,0.0,0.0,0,0.0,0.0,SUDESTE
21613,d6fb5169197b4c8425c26e087f268bae,RJ,-22.330513738563763,-41.74026270563256,4,37.09,2.0,0,0.0,0.0,0,0.0,0.0,SUDESTE
9600,5fb0bfb81349f0313dee8ad96b97258c,SP,-23.62685098743375,-46.530479383943856,0,0.0,0.0,0,0.0,0.0,4,107.2,4.0,SUDESTE
19644,c36e7cd497c538831ff5d1a3e5af5e47,SP,-20.73020564489123,-49.58016133620749,4,126.94,4.0,0,0.0,0.0,0,0.0,0.0,SUDESTE
7941,4e6e53b40a34fb9bb8c73b2fb77e2952,PR,-25.436736565641397,-49.248397110190965,0,0.0,0.0,0,0.0,0.0,3,439.44,1.0,SUL
3141,1ee7676535dc405dbb88977050668100,RJ,-22.840663730514915,-43.29201757536562,6,10.718333333333334,1.0,0,0.0,0.0,0,0.0,0.0,SUDESTE
11414,71e0544719fa3df92e71213e2e83fb4b,MG,-19.86717601082004,-43.930999886202336,3,24.046666666666667,5.0,0,0.0,0.0,0,0.0,0.0,SUDESTE
9934,6364e6758c586ecffceded7d3a988efb,SP,-23.56421133943106,-46.629869526371934,5,19.36,5.0,0,0.0,0.0,0,0.0,0.0,SUDESTE
9655,605b4650a0933260a775e682717e2be2,RJ,-22.91462698251486,-43.25188090313923,4,765.84,1.0,0,0.0,0.0,0,0.0,0.0,SUDESTE
15772,9dada6035f2fa20b18915fdc4067a378,SP,-20.38943026733794,-49.9690550778308,3,185.21,5.0,0,0.0,0.0,0,0.0,0.0,SUDESTE
69,009ac0aeacb7e5c368452976385b7903,SP,-23.58209210515162,-47.0113454774675,3,590.37,4.0,0,0.0,0.0,0,0.0,0.0,SUDESTE
16545,a53ec76853cbe552fcbf1e1745b37c7b,SP,-23.69366146231637,-46.54896609262833,0,0.0,0.0,0,0.0,0.0,3,161.04,1.0,SUDESTE
2047,14532b4dffa2bf13edc019346063c2fb,SP,-23.5505731851232,-46.55554240368748,4,335.0,4.5,0,0.0,0.0,0,0.0,0.0,SUDESTE
11606,73ee8ac995e6714d70adec2abb1c6459,SP,-23.624813833958825,-46.696836040996985,0,0.0,0.0,0,0.0,0.0,6,15.518333333333333,4.0,SUDESTE
1192,0bd4b2650d06ce9880370c6b5e4ff2b6,MG,-19.816913760475945,-44.14472072455843,0,0.0,0.0,0,0.0,0.0,3,192.0,1.0,SUDESTE
4679,2d910ad991e18b8a03bbcca79a35a3a8,SP,-20.129994050954465,-47.44378150082736,0,0.0,0.0,0,0.0,0.0,4,488.68,1.0,SUDESTE
16358,a3671f3a8d8cb539be0134d5a2eb0c24,SC,-26.971891376074787,-48.63357912031852,4,471.33,1.0,0,0.0,0.0,0,0.0,0.0,SUL
21433,d509ded18095d94c5b7c49db99694dc1,SP,-23.53246939661836,-46.65648682737028,3,82.95,5.0,0,0.0,0.0,0,0.0,0.0,SUDESTE
18849,bb57526f1e8fe74f92c4c7e4ced09303,SP,-20.977340572939998,-47.644710344421725,4,563.64,5.0,0,0.0,0.0,0,0.0,0.0,SUDESTE
2766,1b3847859f34e5654daa2df0739218b5,BA,-12.928394863394573,-38.50181959060927,0,0.0,0.0,0,0.0,0.0,4,197.62,5.0,NORDESTE
20636,cd25b85f3cf1debb4376bafc231f8137,SP,-22.03524601088909,-46.98419685397455,0,0.0,0.0,0,0.0,0.0,3,136.83,4.0,SUDESTE
23265,e731ba7b6903d44433f7cc1161d2f1cb,SP,-23.17220483593013,-45.88005575935584,3,96.24,5.0,0,0.0,0.0,0,0.0,0.0,SUDESTE
8544,54ca6dc5e99a82fe5112744bc4e9ef26,RS,-28.63622492244721,-53.61717775291661,10,33.934000000000005,5.0,0,0.0,0.0,0,0.0,0.0,SUL
24413,f35aff4ab7e91c2c5b2ae732007777fe,SP,-23.402044210459955,-46.76694574161575,0,0.0,0.0,0,0.0,0.0,3,163.86,1.0,SUDESTE
6571,403623ffbc1aa898df2232554fcad473,PR,-25.71256726567148,-48.48247207161673,0,0.0,0.0,5,106.9,5.0,0,0.0,0.0,SUL
25281,fc3d1daec319d62d49bfb5e1f83123e9,SP,-23.676118449073776,-46.78123733611286,0,0.0,0.0,21,196.11,1.0,0,0.0,0.0,SUDESTE
983,09cc193befa14d698869667e92148ab2,SP,-22.826654114733348,-47.0677732784529,3,391.66,2.0,0,0.0,0.0,0,0.0,0.0,SUDESTE
11275,708c68b6742f97b62d44b4f33b262190,SP,-24.072253126677516,-46.58084625335503,3,122.25,5.0,0,0.0,0.0,0,0.0,0.0,SUDESTE
25296,fc6771f85d06ca10aa6ca631fac4699b,BA,-12.93703571200906,-38.61578936870708,0,0.0,0.0,3,16.93,3.0,0,0.0,0.0,NORDESTE
8088,500e9bef5740343df08a23b9a9e69e5b,SP,-23.942438853453755,-46.3214324639332,0,0.0,0.0,4,127.48,5.0,0,0.0,0.0,SUDESTE
14776,93fe4181025d602ded002ff3a0c7d529,SP,-21.28643872822804,-50.33575597540699,3,456.8500000000001,5.0,0,0.0,0.0,0,0.0,0.0,SUDESTE
22139,dc169cbfe622bb5514404bba1f6fa004,SP,-23.717345029141896,-46.69156678489816,3,110.25,2.5,0,0.0,0.0,0,0.0,0.0,SUDESTE
17264,ac062697fc30d35bd5bd10d4e71095e8,SP,-22.28542365528881,-48.56650686150383,8,52.895,5.0,0,0.0,0.0,0,0.0,0.0,SUDESTE
25001,f94b333a611276fe1f1f27cfd5767df9,SP,-22.623612899881604,-47.18763144949297,3,360.99,5.0,0,0.0,0.0,0,0.0,0.0,SUDESTE
2046,144f8ac4df50b7448ed453447b7d18d6,SP,-22.723840817202166,-47.29307393180789,0,0.0,0.0,0,0.0,0.0,3,52.14000000000001,1.0,SUDESTE
19224,bf173716098c076e4e00285843e37e5d,RJ,-22.874540279618667,-43.09292680546332,3,270.57,3.0,0,0.0,0.0,0,0.0,0.0,SUDESTE
2371,1774fe5310b8a384e345be76ff71591a,SP,-23.527317719401,-46.689405710658434,4,481.52,5.0,0,0.0,0.0,0,0.0,0.0,SUDESTE
22367,de58a2005b3c3a659af894c10d046399,MG,-19.825720932982502,-43.93392605823083,4,311.88,5.0,0,0.0,0.0,0,0.0,0.0,SUDESTE
21075,d153b079da001f9f47758f5b44040460,RJ,-22.76220543331711,-43.44791281207551,0,0.0,0.0,0,0.0,0.0,3,338.58,4.0,SUDESTE
20408,caed95700dcb091eeaac59a97fe0cb17,SP,-23.508011687577103,-46.34172344272628,0,0.0,0.0,4,23.3725,5.0,0,0.0,0.0,SUDESTE
22464,df4058431c8103750dddc04b0b6583f2,RJ,-22.95258416483944,-43.197683250880175,4,352.25,5.0,0,0.0,0.0,0,0.0,0.0,SUDESTE
3337,20c1fa8405b1796b15ae7852d73875e3,RJ,-22.977015065785636,-43.193814223151904,0,0.0,0.0,3,16.723333333333333,5.0,0,0.0,0.0,SUDESTE
4929,2fdcc8d5431fe439ecf804319253377f,GO,-16.76885296438281,-49.3460723181286,0,0.0,0.0,0,0.0,0.0,3,114.69,5.0,CENTRO-OESTE
19766,c4bfb61a02fa753432f5e5cabc107e28,SP,-22.19300347639852,-51.35663770731658,0,0.0,0.0,0,0.0,0.0,4,220.2,4.0,SUDESTE
10077,64d518d107bd6985494581f424c610e8,RS,-29.56143590753656,-51.09033213295036,0,0.0,0.0,0,0.0,0.0,3,285.63,5.0,SUL
2797,1b730e245b9e48cc3938dd8aa2dfebc4,SP,-23.62565969302906,-46.76417291243005,0,0.0,0.0,4,76.50999999999999,5.0,0,0.0,0.0,SUDESTE
8824,579ed05e977f9e95c98a761d7ecb086d,SP,-23.465527549165014,-46.27600026440721,3,33.266666666666666,5.0,0,0.0,0.0,0,0.0,0.0,SUDESTE
19513,c21ad342c0ece538a14ad12f2fa17fc7,MG,-15.77558391113152,-43.319147683923816,6,289.31,5.0,0,0.0,0.0,0,0.0,0.0,SUDESTE
10412,68401f5c05de1fc6006bf56f4bd3b5a6,SP,-23.581813286687183,-46.67108774508044,0,0.0,0.0,0,0.0,0.0,3,96.87,3.0,SUDESTE
8702,569b88c2b9a52df7feeb1d89bc64864f,SP,-21.18206010223677,-47.80187684211469,3,374.67,5.0,0,0.0,0.0,0,0.0,0.0,SUDESTE
25139,fac377fcf30218090635992d2467f12e,SP,-23.666215715967365,-46.690255808993335,0,0.0,0.0,6,196.08,1.0,0,0.0,0.0,SUDESTE
9978,63e66520bb65f8fdf7a7fa9f5e1a335c,SP,-23.58772937607479,-46.53486714002536,3,25.96666666666667,5.0,0,0.0,0.0,0,0.0,0.0,SUDESTE
19941,c65f8c2ae45d86473a324911183b9267,DF,-11.000345376867363,-68.75218461221326,0,0.0,0.0,0,0.0,0.0,3,272.87,1.0,CENTRO-OESTE
9299,5cdc78f9be4a7e1c3622c9d22b8af377,SP,-22.91320559846053,-47.10743908134744,3,187.35,5.0,0,0.0,0.0,0,0.0,0.0,SUDESTE
11865,76525f0c94f889d91e4335fae56eaaaf,SP,-23.66711843825373,-46.72555032361936,3,182.34,4.0,0,0.0,0.0,0,0.0,0.0,SUDESTE
10817,6c4961fd4b4f7102b656ae5d8f2ee517,RS,-29.62366587033744,-49.94209012367896,0,0.0,0.0,0,0.0,0.0,4,14.7525,5.0,SUL
23992,eed931d3a5222a9a511d18be7fd2a5ba,SP,-22.826654114733348,-47.0677732784529,19,4.354210526315789,1.0,0,0.0,0.0,0,0.0,0.0,SUDESTE
17305,ac708849f8add56b9c304bd26ffd4bee,SP,-23.57719928143572,-46.501481587569934,0,0.0,0.0,5,23.592000000000002,5.0,0,0.0,0.0,SUDESTE
19346,c0573fb95d387c7d26ee75592bd66991,BA,-13.005779334312766,-38.47689487794417,0,0.0,0.0,0,0.0,0.0,3,42.4,4.0,NORDESTE
18458,b7919647bde69acc948baa47823d6c75,SP,-20.858474834595736,-48.29266759683474,0,0.0,0.0,0,0.0,0.0,6,218.0,3.0,SUDESTE
4589,2c8be64d4c648b0bbf8412c53761ae27,BA,-12.970151633360825,-38.50136731245983,0,0.0,0.0,0,0.0,0.0,8,378.84,1.0,NORDESTE
13260,843b211abe7b0264dd4a69eafc5bdf43,RJ,-22.50750814002351,-43.162010032617005,0,0.0,0.0,0,0.0,0.0,4,30.51,4.0,SUDESTE
9411,5e0f7317756669ff7b384444dbb81fa3,SP,-22.78295701868893,-47.1703846740376,0,0.0,0.0,0,0.0,0.0,21,15.831428571428573,4.0,SUDESTE
28,00426311a53f3c052943c88b692a3be2,SP,-23.592620084655756,-46.6875185291419,0,0.0,0.0,0,0.0,0.0,6,273.66,4.0,SUDESTE
5200,32af69248ec49894dc764dadab140179,SP,-20.930296608422434,-48.50420528065201,0,0.0,0.0,0,0.0,0.0,3,209.82000000000002,5.0,SUDESTE
25100,fa4616bdd46797a26d41f1189ffde2d1,RJ,-22.890617497085813,-43.63440213099434,0,0.0,0.0,0,0.0,0.0,3,14.366666666666667,3.0,SUDESTE
7363,4870fd3dd96185117a9165d9be8cf09a,PR,-23.54455802701753,-51.477650616434,0,0.0,0.0,0,0.0,0.0,6,196.38,5.0,SUL
15283,98c84d8694eea067223f53975b06d47c,GO,-16.565563402303795,-49.27937209114638,3,78.39,5.0,0,0.0,0.0,0,0.0,0.0,CENTRO-OESTE
23199,e68996d7ba9225ec61f16385285d3ae2,CE,-3.7299231166494606,-38.56498812022535,3,435.6000000000001,5.0,0,0.0,0.0,0,0.0,0.0,NORDESTE
16530,a51ebdfce7cdd6930370083085f240c6,SP,-23.604365965029714,-46.74717833458362,3,475.45,4.0,0,0.0,0.0,0,0.0,0.0,SUDESTE
3568,22ae5f4de1d774859fac89de1d9658eb,BA,-12.863344233182977,-38.42873801531063,0,0.0,0.0,3,19.69,4.0,0,0.0,0.0,NORDESTE
4567,2c4c488a9712b143d5c1aaa67837fae6,MG,-19.92250334886613,-43.95679344087947,0,0.0,0.0,0,0.0,0.0,3,192.0,4.0,SUDESTE
15274,98b57da4f6372460e9bd54e2e4491e0b,SP,-22.81072667999825,-47.28080960287068,0,0.0,0.0,0,0.0,0.0,3,1337.19,5.0,SUDESTE
14493,91144b33cc295f0d746be2292acdae34,PI,-5.050607721775212,-42.78915629100425,3,263.03,5.0,0,0.0,0.0,0,0.0,0.0,NORDESTE
4983,30718e0e99f2eff03d3d80ed35312f1e,PA,-1.1670119810977606,-48.46011285207677,4,19.22,5.0,0,0.0,0.0,0,0.0,0.0,NORTE
10154,65ab89d0154ae1f5ed267cccf02c299b,SP,-23.543681735034653,-46.552707429952505,3,31.436666666666664,1.0,0,0.0,0.0,0,0.0,0.0,SUDESTE
7225,473c77cd60d911e3b6d30859b4acf7ec,RJ,-22.813344,-43.370811,4,353.4,5.0,0,0.0,0.0,0,0.0,0.0,SUDESTE
1143,0b65a4d0707c6168a14491999220a2bc,MG,-19.428300499354577,-44.23222494110804,3,763.23,5.0,0,0.0,0.0,0,0.0,0.0,SUDESTE
11094,6ed05c8a41811fd62c04a36cfabdc3fc,DF,-15.748033023861783,-47.92424951664843,3,191.14,1.0,0,0.0,0.0,0,0.0,0.0,CENTRO-OESTE
19815,c5293253d2861ddfc7811223b6dcbfcc,SP,-22.748539556694343,-47.41397351650005,0,0.0,0.0,5,20.44,4.0,0,0.0,0.0,SUDESTE
7559,4a96727d27c9457588c88b83ce91be1b,BA,-12.535387667717432,-38.704024532062114,0,0.0,0.0,4,9.1725,5.0,0,0.0,0.0,NORDESTE
13605,87d8a79b1f818010f6bff9a06a526905,MG,-15.521869306788153,-41.495947688424,3,349.3999999999999,5.0,0,0.0,0.0,0,0.0,0.0,SUDESTE
14687,932289aae7b7195bc53d4c640ea071f4,SP,-21.782045999999944,-51.860851999999966,0,0.0,0.0,0,0.0,0.0,7,297.02,1.0,SUDESTE
303,02d6d55e8f7b1d7bb212ea9363d51569,RJ,-22.877762070777287,-43.02696915266307,3,143.27,3.0,0,0.0,0.0,0,0.0,0.0,SUDESTE
20110,c8173a3b6ff4af2ee9518742726055b6,SP,-21.375069537548544,-51.57884513605117,0,0.0,0.0,5,19.939999999999998,5.0,0,0.0,0.0,SUDESTE
11675,7494ae1e55023e9aec5848c8021096ad,SP,-20.89283178405004,-51.38960432347533,0,0.0,0.0,0,0.0,0.0,3,330.29,5.0,SUDESTE
25242,fbd2a08da7b03d6aa249b3b68ce13170,MG,-17.117507999999948,-46.87264699999997,5,599.56,1.0,0,0.0,0.0,0,0.0,0.0,SUDESTE
22393,dea5d6374006a4aa182a73371da9f731,SP,-23.556168754919543,-46.80228656673791,4,317.16,1.0,0,0.0,0.0,0,0.0,0.0,SUDESTE
304,02d8426ded4654ed60b46ddd6d1a4f8c,RJ,-22.963215405764963,-43.17483294033121,3,682.14,5.0,0,0.0,0.0,0,0.0,0.0,SUDESTE
20284,c9dc6fff8500f3735822d5356bcb0e1b,SP,-23.57488785290549,-46.63180082806277,6,631.91,5.0,0,0.0,0.0,0,0.0,0.0,SUDESTE
16024,9fedb83ecf4fd35c0ce7e83d25035e10,SP,-23.62786234841699,-46.70310652431395,3,165.72,4.0,0,0.0,0.0,0,0.0,0.0,SUDESTE
1441,0e772d9e02b17408e716f35cd1dcc222,SP,-23.5087473684548,-46.499276312711366,4,206.36,5.0,0,0.0,0.0,0,0.0,0.0,SUDESTE
1225,0c30d6931a3ecd7724601a0fbf5151e2,SP,-23.528048470096905,-46.84012255925423,3,71.31,1.0,0,0.0,0.0,0,0.0,0.0,SUDESTE
17346,acd31301924a390d6dcd25fa5a4935a4,SC,-26.380459428443054,-50.1336861202622,0,0.0,0.0,3,141.69,5.0,0,0.0,0.0,SUL
16955,a92da5f6ab925f1b45c83cef38a87fe0,SP,-23.526318626406702,-46.67121817317798,0,0.0,0.0,0,0.0,0.0,3,357.75,5.0,SUDESTE
1375,0dbeefcc8215e4d6b6ee3ec0c8a2f222,MG,-18.640554414209557,-48.18754728235859,6,24.691666666666666,3.0,0,0.0,0.0,0,0.0,0.0,SUDESTE
13680,889b986c4e5762ec5892d2458167cce0,SP,-22.84002014829306,-47.03470171754884,3,196.49,5.0,0,0.0,0.0,0,0.0,0.0,SUDESTE
15156,97966ccb9ebeb90699f50c21714848e0,SP,-22.83762552899768,-47.051581416180966,0,0.0,0.0,3,100.26,5.0,0,0.0,0.0,SUDESTE
12491,7c6fd9b4e86393049fa65ba80b721759,RJ,-22.95840238387288,-43.3507551424246,0,0.0,0.0,6,106.44,1.0,0,0.0,0.0,SUDESTE
18552,b85a55907f00013ed7b953a50de74e12,RJ,-21.755897134725306,-41.314631946877725,10,34.42,5.0,0,0.0,0.0,0,0.0,0.0,SUDESTE
6740,421c2ebe259018dbc12a45e720840b6b,SP,-23.280388648075448,-45.94896953886542,0,0.0,0.0,0,0.0,0.0,3,153.12,4.0,SUDESTE
19158,be6d6b80ed0d80156defc8802d89eed2,SP,-23.59793118135409,-46.66519750863589,0,0.0,0.0,0,0.0,0.0,5,222.55,4.0,SUDESTE
11309,70d5b566fed999d6368bff3a8da63e56,SC,-26.971891376074787,-48.63357912031852,0,0.0,0.0,0,0.0,0.0,3,204.17999999999998,5.0,SUL
23576,ea6ba2b2e27f7efea73bdeab7fd6e4a0,SP,-21.456825572734925,-49.22722388785674,3,157.86,3.0,0,0.0,0.0,0,0.0,0.0,SUDESTE
1077,0ac2d5fc64bc66aaeaa727022aeb73f3,SP,-23.56336969637593,-46.78699223452021,0,0.0,0.0,3,68.31,5.0,0,0.0,0.0,SUDESTE
4247,296eb95e34f2a94e6a317c9a38e9c277,SP,-22.73521861674424,-47.342868596611446,0,0.0,0.0,0,0.0,0.0,4,88.62,4.0,SUDESTE
15235,985b35e7309802e954547d2f6fdfe9e9,MG,-19.726698061398945,-41.91601609900204,0,0.0,0.0,3,563.28,5.0,0,0.0,0.0,SUDESTE
18835,bb2ca86d2b1f22b960feacd1b1de87f8,RS,-29.15602733262661,-51.18002727309341,0,0.0,0.0,3,117.27,4.0,0,0.0,0.0,SUL
9972,63c3f9b7518ce37a22cc22651ff532ce,SP,-23.635854058680728,-46.66907717366637,4,214.36,1.0,0,0.0,0.0,0,0.0,0.0,SUDESTE
68,0097c5abeb126a90646370f4a1cf3d93,RS,-28.93278625087536,-54.82724510119068,6,49.56,4.0,0,0.0,0.0,0,0.0,0.0,SUL
812,07e6bfcde64d35a92aeea73af4a36411,SP,-22.399759680826,-47.576620195104496,3,318.87,5.0,0,0.0,0.0,0,0.0,0.0,SUDESTE
11153,6f3edfd86311ca018da6e04aef89fe79,PR,-25.385027752149583,-49.218042112672464,0,0.0,0.0,0,0.0,0.0,4,244.52,2.0,SUL
25044,f9c4ef88e2f5e4ec187a3258553b679f,SP,-23.5540529686364,-46.68294329669916,0,0.0,0.0,3,81.69,5.0,0,0.0,0.0,SUDESTE
1456,0e9d153de61896911c7d236b8a6c1886,SP,-23.624591930059434,-46.499731202752585,0,0.0,0.0,4,8.297500000000001,1.0,0,0.0,0.0,SUDESTE
9716,611018ac0e01d2dbf307450bd9ffd29b,MG,-18.894551307090527,-41.24554676314653,3,439.51,2.0,0,0.0,0.0,0,0.0,0.0,SUDESTE
22453,df2a5fac390ebf96fd3efa70fe4758c8,PA,-1.811768274856652,-49.79459273869498,0,0.0,0.0,4,355.29,5.0,0,0.0,0.0,NORTE
19535,c25554a6eb88dd24ee0c9490945e6f78,SP,-23.494033136107188,-46.80792261603626,0,0.0,0.0,3,18.463333333333335,5.0,0,0.0,0.0,SUDESTE
8233,51720e74ecbc9d52b02495f8cbe546d1,CE,-3.725680562272935,-38.49042739393334,4,331.68,1.0,0,0.0,0.0,0,0.0,0.0,NORDESTE
16702,a6d8c2fa92836346256c28d885d9eea0,SP,-23.46244883152522,-46.69459744823706,0,0.0,0.0,6,186.76,4.0,0,0.0,0.0,SUDESTE
7193,46c6a82294d359a290ff408b11cbb643,RJ,-22.940627734695465,-43.187109662995766,0,0.0,0.0,0,0.0,0.0,3,129.0,1.0,SUDESTE
13521,86e84cf56a414caf580bc5b1a97bdc17,MG,-19.8723441410232,-44.02269404614346,3,205.67999999999998,1.0,0,0.0,0.0,0,0.0,0.0,SUDESTE
343,032f3aa672886e0ba37ee901091d13b1,MG,-19.794796491428905,-43.99502525054944,3,219.44999999999996,5.0,0,0.0,0.0,0,0.0,0.0,SUDESTE
3813,252c6185f3c1f1fa5a201249fd902885,MG,-22.03059777427025,-45.83656727538087,0,0.0,0.0,0,0.0,0.0,3,52.44,5.0,SUDESTE
15650,9c8e51447d07719ca9d78cbaad9fea43,SP,-21.28120871484646,-50.34833297865432,0,0.0,0.0,6,289.32,3.0,0,0.0,0.0,SUDESTE
13620,87ff88be4fd718b5655bd668568b866e,SP,-23.532858821944192,-46.82138140076789,3,74.58,5.0,0,0.0,0.0,0,0.0,0.0,SUDESTE
4086,27de1b0b80d5ee4f8fadbb63fcb78906,MG,-19.563507079010904,-43.91888605312745,0,0.0,0.0,5,10.774000000000001,3.0,0,0.0,0.0,SUDESTE
4416,2b0bd5eca653853a14cd538cc974a7d0,BA,-14.789269504905652,-39.0322515573118,0,0.0,0.0,11,19.126363636363635,5.0,0,0.0,0.0,NORDESTE
6692,41769ddd0d1199c4f5f9066d2c2e65fc,DF,-15.79205364240884,-47.8481517047861,0,0.0,0.0,0,0.0,0.0,3,426.27,5.0,CENTRO-OESTE
13430,85ed641fe825f188f1a67b317b5f540c,RN,-5.737159005828374,-35.2591515,0,0.0,0.0,5,133.342,5.0,0,0.0,0.0,NORDESTE
14972,95ebcc4d6979728b4d9993a0c9b6abfb,SP,-23.58493091158741,-46.6330391841194,3,201.16,5.0,0,0.0,0.0,0,0.0,0.0,SUDESTE
7154,46734ace53678d89eb4c725317503e26,SP,-23.53005101394817,-46.77488210984808,4,56.84,1.0,0,0.0,0.0,0,0.0,0.0,SUDESTE
7034,453319763d53187bead0d2aa6575ef15,RS,-29.15602733262661,-51.18002727309341,4,471.4,1.0,0,0.0,0.0,0,0.0,0.0,SUL
4214,29241f966f58fcd5d7cd10977fa26190,SP,-23.527268852905493,-46.57660929006271,0,0.0,0.0,4,141.44,5.0,0,0.0,0.0,SUDESTE
4342,2a44b08f77964b84b1a66fb5c436a223,SC,-26.898986533913074,-49.12740819851159,0,0.0,0.0,3,73.51333333333334,1.0,0,0.0,0.0,SUL
231,021e3ddcc0581de5bf087b1d87e4b136,RJ,-22.497462657246626,-43.92549303357544,0,0.0,0.0,3,13.286666666666667,1.0,0,0.0,0.0,SUDESTE
21079,d158ce9e0f20d24d2235731f42f1249b,PR,-25.40670607048883,-49.19932426977896,0,0.0,0.0,4,292.24,4.0,0,0.0,0.0,SUL
15094,9707082565c37cdde7b05277988eb7e8,SP,-23.468540877604,-46.66436133472787,0,0.0,0.0,5,209.5,1.0,0,0.0,0.0,SUDESTE
10711,6b4a545e81c747a0f12ec50d9f725d63,SP,-22.77063,-49.39456049999998,0,0.0,0.0,0,0.0,0.0,3,132.54,5.0,SUDESTE
10181,65f66bced8bf7a1879abfeef1efd54e7,MS,-21.64303199999995,-54.45596599999996,5,18.606,5.0,0,0.0,0.0,0,0.0,0.0,CENTRO-OESTE
24426,f381bd655bd0626bc05a777cfeab57fb,SP,-23.630327989728222,-46.64074613696696,0,0.0,0.0,0,0.0,0.0,3,137.25,5.0,SUDESTE
6561,40186e58e5331d475bac4a234986a029,SP,-23.40010039436924,-46.74746654716846,4,302.8,5.0,0,0.0,0.0,0,0.0,0.0,SUDESTE
18452,b7770073b02ed1d626a027ce86a4ff82,RS,-29.8927997177905,-51.16696836290695,0,0.0,0.0,0,0.0,0.0,3,204.72,5.0,SUL
18748,ba53e87622e90e0a905d871c0c8d53af,SP,-23.90529138279592,-46.15764824229248,12,64.515,5.0,0,0.0,0.0,0,0.0,0.0,SUDESTE
14706,934e65df19ff6cab141d3ec2b1a14e2a,RJ,-22.973570675543908,-43.18994628157996,0,0.0,0.0,0,0.0,0.0,3,39.14333333333334,5.0,SUDESTE
4970,3058335b24b7794dbd8f36de15afc57e,SP,-22.330812068523606,-47.36082389243256,0,0.0,0.0,4,473.12,5.0,0,0.0,0.0,SUDESTE
11667,74741f26d461854aba87ef316dd54b9d,SP,-23.415057785734884,-46.75221488259567,3,76.25,3.0,0,0.0,0.0,0,0.0,0.0,SUDESTE
8834,57b05fd31f60fbcfd8e675acbdc0a54b,MG,-19.94498565475353,-43.916444337123885,0,0.0,0.0,3,93.66000000000001,5.0,0,0.0,0.0,SUDESTE
20729,ce1929eae3961965d4d792ba32023611,RJ,-22.708436892176525,-43.33786353785202,3,45.09666666666667,5.0,0,0.0,0.0,0,0.0,0.0,SUDESTE
422,041d75798215fd7ebffd6cf6b60bfac5,SP,-21.199474445467107,-50.43814074271452,0,0.0,0.0,0,0.0,0.0,3,173.25,1.0,SUDESTE
25151,fad67e7a03b7988057f8a83c285f36de,MG,-21.73495682503903,-43.358102060995314,6,128.78,1.0,0,0.0,0.0,0,0.0,0.0,SUDESTE
13347,8531319b5937edd1b7518b1a5727361b,SP,-23.360978676164056,-44.78648111761174,0,0.0,0.0,0,0.0,0.0,3,185.52,5.0,SUDESTE
13725,891c884c518780ccdbf2d18cb8adb362,SP,-23.63479223754861,-46.65539091737165,3,72.58,5.0,0,0.0,0.0,0,0.0,0.0,SUDESTE
22158,dc3c81bd4e0ace3f4b67883f85af1eb4,MG,-19.744398925383607,-47.44803326501997,0,0.0,0.0,3,117.27,4.0,0,0.0,0.0,SUDESTE
22290,dd898ada47b8dee6bdafc7e687cd6cd1,SC,-26.71006607940087,-53.51400025521708,0,0.0,0.0,0,0.0,0.0,3,210.91,5.0,SUL
4840,2efa228413723f2cb74177fbe013df47,PR,-23.31008441276973,-51.39862705477606,0,0.0,0.0,3,172.08,5.0,0,0.0,0.0,SUL
1620,102a23c6841127cf625296ef67d5f79c,RJ,-22.88206568497897,-43.3707692643546,3,75.75666666666667,4.0,0,0.0,0.0,0,0.0,0.0,SUDESTE
16956,a930629079c8fab9993fd5eedf12de02,SP,-23.2126605,-45.90691874999998,0,0.0,0.0,0,0.0,0.0,3,371.79,5.0,SUDESTE
1868,128ca1cce5c7b800188d3b91f8578b35,SP,-23.55020485567546,-46.68074669969414,3,161.52,1.0,0,0.0,0.0,0,0.0,0.0,SUDESTE
6308,3d5e96edb61b43fa3ffe0d7af362b43b,SP,-20.893186568444094,-48.63317675491505,6,146.645,5.0,0,0.0,0.0,0,0.0,0.0,SUDESTE
2716,1ab90907dc3f013608c6d1d2b312a1d9,SC,-27.58343572938432,-48.54270745115125,3,147.69,1.0,0,0.0,0.0,0,0.0,0.0,SUL
24939,f8bd74b797d44f6df5e6cbd4a881b02f,BA,-12.871733246159192,-38.43621102360146,0,0.0,0.0,3,580.41,5.0,0,0.0,0.0,NORDESTE
20954,d02e1d2d293df869586ab6929c8d3bba,SP,-23.449838688874117,-46.67912912421366,0,0.0,0.0,3,138.48,1.0,0,0.0,0.0,SUDESTE
77,00b5072ef1192bc4d02e1d6264317bb0,SP,-21.23918585337646,-48.30707462354936,3,366.27,1.0,0,0.0,0.0,0,0.0,0.0,SUDESTE
6684,41629f77198c3f777c7704b91f5effe4,RJ,-22.96039308298232,-43.17000716985976,0,0.0,0.0,0,0.0,0.0,4,193.4,5.0,SUDESTE
3034,1de6c6c911ceda2be652cd0db03d930e,DF,-15.737759999999998,-47.89320525,0,0.0,0.0,0,0.0,0.0,3,325.83,5.0,CENTRO-OESTE
3175,1f32106989574673d60e54a146992c89,RJ,-22.49853084470412,-44.09163710196716,4,15.147499999999999,4.0,0,0.0,0.0,0,0.0,0.0,SUDESTE
23263,e72b07e2d16cff09d726649acbd12c1f,GO,-16.582025999999946,-48.98971249999997,0,0.0,0.0,3,332.7,1.0,0,0.0,0.0,CENTRO-OESTE
17590,af1fbbcd3269883e60c418c309cc6d49,GO,-15.151248,-49.80501224999999,3,373.69,2.0,0,0.0,0.0,0,0.0,0.0,CENTRO-OESTE
7062,45823b70fcedb23436c8fd6509d693a7,SP,-23.57728607576896,-46.64140689286745,0,0.0,0.0,3,116.21999999999998,5.0,0,0.0,0.0,SUDESTE
14877,950322a8be6e8e0e0e91516847779161,PR,-25.404008364418036,-49.27123202885343,3,150.03,5.0,0,0.0,0.0,0,0.0,0.0,SUL
674,067f23bbb981887fc158d36a677c2b4b,ES,-19.08995699999995,-40.13680399999996,0,0.0,0.0,0,0.0,0.0,3,159.03,4.0,SUDESTE
4008,270c23a11d024a44c896d1894b261a83,SP,-23.58367551067581,-46.57121119900165,42,7.681904761904762,5.0,0,0.0,0.0,0,0.0,0.0,SUDESTE
19631,c3539d3d4dfb2fe3b6de4bb8f277e989,SP,-23.53801672020906,-46.7796531695713,0,0.0,0.0,12,353.87999999999994,5.0,0,0.0,0.0,SUDESTE
23570,ea62ea3d096dc41f6ef76bbea7fcb40a,PR,-25.52018477491484,-49.28864365958799,4,491.52,1.0,0,0.0,0.0,0,0.0,0.0,SUL
15923,9f1fed9d7e1e7cad76305ddd58f21815,RJ,-22.98058713308394,-43.20895286228354,0,0.0,0.0,0,0.0,0.0,3,133.11,4.0,SUDESTE
24708,f651fadf067034d6d5a186390b45289a,RJ,-22.767333170311463,-43.34269466332076,0,0.0,0.0,0,0.0,0.0,6,240.0,1.0,SUDESTE
17695,b0122e56650079ca699d17446a11bfbb,RJ,-22.95258416483944,-43.197683250880175,0,0.0,0.0,0,0.0,0.0,6,256.4,5.0,SUDESTE
7692,4c2ce84551ecffe29ecdc34876746c5d,PR,-25.423857241467783,-49.28848053366402,0,0.0,0.0,3,238.17,5.0,0,0.0,0.0,SUL
17606,af46eef89eb37fb33875e6531cc2ecfb,ES,-20.284936807222763,-40.37110681532423,3,393.12000000000006,5.0,0,0.0,0.0,0,0.0,0.0,SUDESTE
24763,f6d7beb5565be70662041ee72f57d9f9,RJ,-22.9458149921651,-43.37106806507029,0,0.0,0.0,0,0.0,0.0,4,481.96,1.0,SUDESTE
22505,df95b7d6f8593ea6ba264820941935ae,SP,-23.465648179294817,-46.54443017485142,3,109.39,5.0,0,0.0,0.0,0,0.0,0.0,SUDESTE
13823,8a385c960f811c8dc9dec7b70211c4cc,SP,-22.382004351972142,-47.57470261247904,3,608.49,5.0,0,0.0,0.0,0,0.0,0.0,SUDESTE
15679,9cd9ab13e36c85a8c647285faa325e8a,SP,-23.503228575076463,-46.56453246003805,3,450.51,5.0,0,0.0,0.0,0,0.0,0.0,SUDESTE
3623,2351d4314775fcbef54ecdf9c93ad410,MG,-22.598177739546134,-46.05220482697329,6,199.42500000000004,1.0,0,0.0,0.0,0,0.0,0.0,SUDESTE
7829,4d6dcc03e46614005963c9e0eb029a80,MG,-19.85054756671417,-43.90399965691794,1,160.0,5.0,3,160.0,5.0,0,0.0,0.0,SUDESTE
25119,fa8799a9ec64801ba2f667ae83c9130a,RJ,-22.322042894963577,-43.40568643521413,0,0.0,0.0,4,200.0,5.0,0,0.0,0.0,SUDESTE
22759,e21e09c974438b29525fc0e318648258,SP,-23.425262099277223,-46.92677819317873,3,86.04,3.0,0,0.0,0.0,0,0.0,0.0,SUDESTE
15890,9ec7a3fd9d3597aff2900e7a102f3653,MG,-20.735678472424876,-46.754056677804456,3,18.37,4.0,0,0.0,0.0,0,0.0,0.0,SUDESTE
18549,b854c2a4e09bb1ebeacc74b225f4ec0e,SP,-23.202978999163275,-46.88275980904842,5,636.9,3.0,0,0.0,0.0,0,0.0,0.0,SUDESTE
2822,1bc71b602df36cf88f5f670d787f4f34,RJ,-22.361624725923924,-41.79610788523511,4,404.6,3.0,0,0.0,0.0,0,0.0,0.0,SUDESTE
11500,72db172e77409b4cc768552a16548206,RN,-5.148792753255317,-37.36861815703897,0,0.0,0.0,3,126.20333333333333,5.0,0,0.0,0.0,NORDESTE
7190,46c56c11259668f72547b0c457cf5ede,SC,-27.797101125016617,-50.3037907023116,3,283.06,1.0,0,0.0,0.0,0,0.0,0.0,SUL
6786,4297418af8f60c03bb773fb1181f77dd,RJ,-22.97506237373844,-43.22607244129585,3,144.66,5.0,0,0.0,0.0,0,0.0,0.0,SUDESTE
1346,0d7913ebe7c29fc63f3f613d6ae604f9,RJ,-22.978049730509493,-43.2184562117836,0,0.0,0.0,0,0.0,0.0,4,222.64,5.0,SUDESTE
13282,847c8e8ca5103c823bccb3e76066bc4e,MG,-19.910719850532644,-43.88344183803062,4,160.0,4.0,0,0.0,0.0,0,0.0,0.0,SUDESTE
1912,12eb27c5c8983f8b65f4e79bfb579572,MG,-17.117507999999948,-46.87264699999997,0,0.0,0.0,0,0.0,0.0,3,104.37,3.0,SUDESTE
8822,578e71c4d03ca6840a75ec1a2df897b2,SP,-23.641264728836067,-46.6628232418778,0,0.0,0.0,3,127.53000000000002,4.0,0,0.0,0.0,SUDESTE
22816,e2aae3069bad7962c01d7ecfa869bb80,SP,-23.5310535672969,-46.448377603489504,0,0.0,0.0,4,37.870000000000005,5.0,0,0.0,0.0,SUDESTE
6575,403d065ed4e3882fb44ac77fe8297132,BA,-12.968189946996311,-38.49460954426112,0,0.0,0.0,0,0.0,0.0,4,177.32,1.0,NORDESTE
16244,a20f368d4aa1abfd95ddf1619a7ad1e4,SP,-23.55317375507012,-46.87719214364744,3,119.27,1.0,0,0.0,0.0,0,0.0,0.0,SUDESTE
22188,dc981efb97ab99cbc501010f754fbddb,RO,-8.739970516321502,-63.867183556754114,0,0.0,0.0,0,0.0,0.0,3,426.84,1.0,NORTE
20118,c8379021033c1bc9a11cfea829d0e297,PR,-25.067411517629367,-50.11998024992787,0,0.0,0.0,0,0.0,0.0,3,169.29,3.0,SUL
6461,3f1db6e3075aa98be8ee64d9f8a2a65f,SP,-23.525509443505207,-46.73824264836392,0,0.0,0.0,4,122.84,3.0,0,0.0,0.0,SUDESTE
7759,4cad8e80a929c35386479f5845313874,SP,-23.074436157567877,-47.203288467566246,0,0.0,0.0,3,96.99,5.0,0,0.0,0.0,SUDESTE
9641,603e5fb8eb576575546d8880846aaac6,SP,-23.493131518177623,-46.60420921663105,0,0.0,0.0,5,240.65,1.0,0,0.0,0.0,SUDESTE
362,035da1211e1f631ab58ceb5e614d3bd6,ES,-20.83777152439175,-41.11591829313665,6,55.98333333333333,1.0,0,0.0,0.0,0,0.0,0.0,SUDESTE
3448,219f6aa1ddc83ec7dbf2498e664129c1,SP,-21.396723833265973,-50.08245621306376,0,0.0,0.0,0,0.0,0.0,4,242.24,5.0,SUDESTE
484,04acb20e159d994a8fffcea71f751785,RJ,-22.895932002769957,-43.38142663737097,3,323.34,3.0,0,0.0,0.0,0,0.0,0.0,SUDESTE
19748,c47f0ed7fbd21fc9be2cfca83f0dd490,SP,-23.5784451895666,-46.640425489179954,0,0.0,0.0,0,0.0,0.0,9,62.84222222222221,5.0,SUDESTE
17169,ab203421bf2878cd5d1361864472bd40,PE,-7.897333047365914,-36.04858208860946,4,1034.72,2.0,0,0.0,0.0,0,0.0,0.0,NORDESTE
8061,4fd717f8365e738dcca2baa0ff70a52d,SP,-22.44686264660252,-46.58128815534796,0,0.0,0.0,0,0.0,0.0,3,519.48,3.0,SUDESTE
10080,64df235a93b53bccd4f7189cec632e63,ES,-20.615430581751603,-40.46044616249453,0,0.0,0.0,0,0.0,0.0,4,118.92,5.0,SUDESTE
20741,ce2d5c4b99be6a81c3b3a9639d168d9a,RJ,-22.889064085709883,-43.091427764870936,4,94.39,5.0,0,0.0,0.0,0,0.0,0.0,SUDESTE
872,089b4797064af9e8aa2cce7f5d444cc2,SP,-23.620598612816707,-46.63883948834322,0,0.0,0.0,4,473.4,1.0,0,0.0,0.0,SUDESTE
14911,95512e0ed7a522e627582ef07f02a3b7,RJ,-22.87250526745791,-42.0527925872693,3,164.08,5.0,0,0.0,0.0,0,0.0,0.0,SUDESTE
19384,c0ba81c65bd30a9c04cd3650c0dbed36,SP,-23.60478323397196,-46.63648314931618,3,446.8999999999999,4.0,0,0.0,0.0,0,0.0,0.0,SUDESTE
3041,1df66aed5e5ac2cd2301d813537945dd,MG,-17.309058780895903,-44.92916562914451,0,0.0,0.0,0,0.0,0.0,3,400.68,4.0,SUDESTE
3619,2341261ab32cd120f68a7d10d7b418b7,SP,-22.81440569663573,-47.0951033782965,0,0.0,0.0,3,216.15,5.0,0,0.0,0.0,SUDESTE
24765,f6e0ef71d5db485c5d842f12dd67ba37,RJ,-22.599020488223356,-43.28890437601624,0,0.0,0.0,0,0.0,0.0,6,17.73,4.0,SUDESTE
10598,6a22bc47f4e4d19f68ea3691bc6a49fe,MG,-19.690886999999947,-45.28104199999996,5,869.1,3.0,0,0.0,0.0,0,0.0,0.0,SUDESTE
1180,0bb79aff5bf618a6f3bf91fd9049b9d8,SP,-23.55013649006703,-46.751682915756135,0,0.0,0.0,0,0.0,0.0,4,39.9975,5.0,SUDESTE
909,08f68c9d6b891c565a87205b547d21a8,ES,-19.40016529874515,-40.90555802889194,0,0.0,0.0,4,530.04,5.0,0,0.0,0.0,SUDESTE
25030,f991d29095eba5f61d63b568250724db,SP,-23.14152488666498,-47.733685896943534,0,0.0,0.0,0,0.0,0.0,3,211.67,5.0,SUDESTE
6071,3b3a94e8869494140c9338cf3034a920,RJ,-22.60786125873437,-42.00005881224868,11,7.969090909090909,5.0,0,0.0,0.0,0,0.0,0.0,SUDESTE
14655,92cd3ec6e2d643d4ebd0e3d6238f69e2,SP,-23.59553148542905,-46.53853717568813,26,2.4107692307692306,5.0,0,0.0,0.0,0,0.0,0.0,SUDESTE
6858,433fefa0623e48aa82b3b44494524a29,RJ,-22.89560629447746,-43.302290814876784,0,0.0,0.0,4,115.96,5.0,0,0.0,0.0,SUDESTE
7795,4d184b2d4fcbc123ce36c25707636477,SP,-23.42933658657881,-47.13029138690828,0,0.0,0.0,3,354.17,5.0,0,0.0,0.0,SUDESTE
52,00796be07bfc87dad2e31ef15490a718,MG,-19.880131149316195,-43.951485159992025,3,136.28,5.0,0,0.0,0.0,0,0.0,0.0,SUDESTE
22711,e1b1416cc9565ebdb336ddaf12fd9229,SP,-23.51118257535785,-46.48979223023467,0,0.0,0.0,4,96.46,4.0,0,0.0,0.0,SUDESTE
2456,183ba8d595cb64e77a1ad793bd3d0455,PR,-25.37528928893144,-49.22354547612426,3,154.77,1.0,0,0.0,0.0,0,0.0,0.0,SUL
20511,cbe010a5e1e7e8b5d1241c32f65a865f,RJ,-22.936995995556597,-43.17582940980434,4,204.92,5.0,0,0.0,0.0,0,0.0,0.0,SUDESTE
3013,1dbb6a2e118d81461c712bdb93398726,RJ,-22.797601679987316,-43.1760187507646,3,169.5,4.0,0,0.0,0.0,0,0.0,0.0,SUDESTE
13783,89baab6924c357bb87101f06523bf1a1,SP,-23.642546081084767,-46.576991511161495,4,25.284999999999997,5.0,0,0.0,0.0,0,0.0,0.0,SUDESTE
9056,5a2f4859466ef95b97e4029363d43433,MG,-19.914105069940565,-43.93038952498697,0,0.0,0.0,6,184.80000000000004,5.0,0,0.0,0.0,SUDESTE
4434,2b3692f768a14674dce6f6db8153ce80,ES,-20.479935371069253,-40.34858938339627,4,10.7375,5.0,0,0.0,0.0,0,0.0,0.0,SUDESTE
12341,7b27139522c36a37118d6eb8402f1d85,SP,-23.665783140361366,-46.71187176232014,0,0.0,0.0,5,235.05,4.0,0,0.0,0.0,SUDESTE
21275,d36ad67e31081649d98206e542b056fb,MG,-19.738076738787644,-47.90985630721752,4,154.4,5.0,0,0.0,0.0,0,0.0,0.0,SUDESTE
14450,90970f7867ea91fe016dcb27b46f6261,SP,-23.417194790755467,-47.48996474809652,3,146.04,1.0,0,0.0,0.0,0,0.0,0.0,SUDESTE
25656,fffecc9f79fd8c764f843e9951b11341,RS,-29.611768539229228,-50.82339154622965,3,27.12,3.0,0,0.0,0.0,0,0.0,0.0,SUL
22730,e1e2548b6530546bddddc6dc623c6281,SP,-23.49125775797797,-46.44612559991918,4,110.32,5.0,0,0.0,0.0,0,0.0,0.0,SUDESTE
16781,a7ab0106cecc1a6a3a73465346876ea0,MG,-21.206773088338547,-43.772652479640826,0,0.0,0.0,0,0.0,0.0,4,419.92,3.0,SUDESTE
5996,3a67fbf582c0eceb6d18beca1fe47a1b,SC,-26.445427299619222,-53.512500396471225,0,0.0,0.0,0,0.0,0.0,3,18.033333333333335,5.0,SUL
563,0560a02593f282955f85da2db087b078,SP,-23.554629315201375,-46.52694461017755,3,183.80000000000004,5.0,0,0.0,0.0,0,0.0,0.0,SUDESTE
21575,d68901955dc622165460ba6cb4ac49f3,SP,-23.02416000139924,-46.53286313377612,0,0.0,0.0,0,0.0,0.0,3,309.72,5.0,SUDESTE
19697,c40329c5ca94144e1c4a130166521b66,SP,-23.61089528198398,-46.79738270719597,6,396.05,3.0,0,0.0,0.0,0,0.0,0.0,SUDESTE
3171,1f26a8a77f3a3ba3fe836e46e4990c36,SP,-23.396553455957967,-47.42513359173349,3,46.65,5.0,0,0.0,0.0,0,0.0,0.0,SUDESTE
5342,33f3a825848a91ffae2d8be709630522,SP,-23.47185433443941,-46.69216583403537,3,204.44999999999996,4.0,0,0.0,0.0,0,0.0,0.0,SUDESTE
640,062850c890eb64c3bec2243bd551fb8f,RJ,-22.883584117404336,-43.10702129768012,0,0.0,0.0,0,0.0,0.0,3,40.083333333333336,3.0,SUDESTE
8320,5263febf1413e9a60ceb7b842008b7ef,PR,-25.46421311136278,-49.19561868514652,3,406.92,1.0,0,0.0,0.0,0,0.0,0.0,SUL
8144,50920f8cd0681fd86ebe93670c8fe52e,RS,-28.359869514932697,-53.93302931256264,21,140.56333333333333,1.0,0,0.0,0.0,0,0.0,0.0,SUL
7677,4bf88a7722cd83fc2bc891819c641690,RJ,-22.947585338882806,-43.18710044269713,6,20.726666666666667,5.0,0,0.0,0.0,0,0.0,0.0,SUDESTE
9521,5f12d78c47adb7e59ed5aca5c52a3357,RJ,-22.335776959483137,-43.12929111222313,3,57.916666666666664,5.0,0,0.0,0.0,0,0.0,0.0,SUDESTE
25067,fa01fd7f92c80ab0d14406bda3204b23,SP,-20.532984442771863,-47.366053101687,0,0.0,0.0,0,0.0,0.0,3,121.92,1.0,SUDESTE
5176,3271c91ee3873786dc0a28df6b56702c,SP,-23.217522914795985,-45.88889309394657,0,0.0,0.0,4,42.86,5.0,0,0.0,0.0,SUDESTE
403,03e3a430d50d6e1123627d133c65d5c4,SP,-23.54285219631443,-46.49720967045111,0,0.0,0.0,5,188.05,1.0,0,0.0,0.0,SUDESTE
25420,fdc6d9ace808ea44c8fdc1622b36a0ee,SP,-23.618570828722653,-46.78111968480974,3,34.623333333333335,5.0,0,0.0,0.0,0,0.0,0.0,SUDESTE
6631,40e141d432fb1a06f862197c9c0de0ce,RJ,-21.78289006157476,-41.322813870671695,0,0.0,0.0,3,18.326666666666668,5.0,0,0.0,0.0,SUDESTE
11263,707818185591ca532dfd8fff383f0103,BA,-12.687221805454572,-38.32661235740253,0,0.0,0.0,0,0.0,0.0,3,108.83999999999999,3.0,NORDESTE
22071,db76ebd0d51c2b3cc44d84cd6df46336,MG,-21.77816757400933,-46.5621628941136,0,0.0,0.0,0,0.0,0.0,6,55.279999999999994,1.0,SUDESTE
25295,fc65dbc709777157c273bdd7057565d0,SP,-23.488582205603503,-46.68348067108726,5,34.288,5.0,0,0.0,0.0,0,0.0,0.0,SUDESTE
7505,49eb2dde34c23bd4b6c4c6a137826ac2,RS,-31.73887418595993,-52.37882052221699,3,948.69,3.0,0,0.0,0.0,0,0.0,0.0,SUL
20505,cbcc7e46a2d1042aacb3064c3db6b351,SP,-23.49272203413356,-46.65595260115994,0,0.0,0.0,0,0.0,0.0,3,158.55,5.0,SUDESTE
19308,bfea4a98ad57e429a31dab20bfe4375f,SP,-23.61319323594008,-46.72192942449765,0,0.0,0.0,0,0.0,0.0,4,819.32,5.0,SUDESTE
23879,eda4c5f48f975dff9e7c1a846ed6a8b8,RS,-29.68553935150118,-53.80949152640844,3,19.2,1.0,0,0.0,0.0,0,0.0,0.0,SUL
5836,38efc316910029abb94b32e27de7bd11,RJ,-21.538898969438726,-42.18938945939423,0,0.0,0.0,3,47.96333333333334,4.0,0,0.0,0.0,SUDESTE
